id,name,category,price,rating,stock,brand,description
1,Nivea Beauty & Personal Care Product 1,Beauty & Personal Care,473.85,3.3,20,Nivea,"High-quality beauty & personal care product from Nivea, perfect for everyday use."
2,LEGO Toys & Games Product 2,Toys & Games,1050.71,2.7,95,LEGO,"High-quality toys & games product from LEGO, perfect for everyday use."
3,Britannia Groceries Product 3,Groceries,519.52,2.7,18,Britannia,"High-quality groceries product from Britannia, perfect for everyday use."
4,Prestige Home & Kitchen Product 4,Home & Kitchen,148.83,1.4,56,Prestige,"High-quality home & kitchen product from Prestige, perfect for everyday use."
5,Funko Toys & Games Product 5,Toys & Games,1296.53,1.1,39,Funko,"High-quality toys & games product from Funko, perfect for everyday use."
6,Funko Toys & Games Product 6,Toys & Games,674.48,4.1,11,Funko,"High-quality toys & games product from Funko, perfect for everyday use."
7,Havells Home & Kitchen Product 7,Home & Kitchen,1211.08,2.0,1,Havells,"High-quality home & kitchen product from Havells, perfect for everyday use."
8,Puma Fashion Product 8,Fashion,1410.81,4.5,59,Puma,"High-quality fashion product from Puma, perfect for everyday use."
9,LEGO Toys & Games Product 9,Toys & Games,935.06,1.9,32,LEGO,"High-quality toys & games product from LEGO, perfect for everyday use."
10,Kellogg's Groceries Product 10,Groceries,869.51,2.6,81,Kellogg's,"High-quality groceries product from Kellogg's, perfect for everyday use."
11,Nivea Beauty & Personal Care Product 11,Beauty & Personal Care,1232.57,1.8,93,Nivea,"High-quality beauty & personal care product from Nivea, perfect for everyday use."
12,Spalding Sports & Outdoors Product 12,Sports & Outdoors,134.87,4.3,98,Spalding,"High-quality sports & outdoors product from Spalding, perfect for everyday use."
13,Fisher-Price Toys & Games Product 13,Toys & Games,1452.52,4.0,37,Fisher-Price,"High-quality toys & games product from Fisher-Price, perfect for everyday use."
14,Parle Groceries Product 14,Groceries,174.57,1.8,53,Parle,"High-quality groceries product from Parle, perfect for everyday use."
15,Bridgestone Automotive Product 15,Automotive,63.68,3.4,69,Bridgestone,"High-quality automotive product from Bridgestone, perfect for everyday use."
16,Puma Fashion Product 16,Fashion,60.45,2.6,8,Puma,"High-quality fashion product from Puma, perfect for everyday use."
17,Fisher-Price Toys & Games Product 17,Toys & Games,274.52,3.1,95,Fisher-Price,"High-quality toys & games product from Fisher-Price, perfect for everyday use."
18,Ensure Health & Wellness Product 18,Health & Wellness,1044.02,3.2,16,Ensure,"High-quality health & wellness product from Ensure, perfect for everyday use."
19,Adidas Fashion Product 19,Fashion,796.48,3.4,100,Adidas,"High-quality fashion product from Adidas, perfect for everyday use."
20,Prestige Home & Kitchen Product 20,Home & Kitchen,965.72,4.1,18,Prestige,"High-quality home & kitchen product from Prestige, perfect for everyday use."
21,Apple Electronics Product 21,Electronics,420.72,4.7,21,Apple,"High-quality electronics product from Apple, perfect for everyday use."
22,Horlicks Health & Wellness Product 22,Health & Wellness,314.85,1.2,8,Horlicks,"High-quality health & wellness product from Horlicks, perfect for everyday use."
23,Nestle Groceries Product 23,Groceries,72.97,2.3,98,Nestle,"High-quality groceries product from Nestle, perfect for everyday use."
24,HarperCollins Books Product 24,Books,1162.76,1.6,68,HarperCollins,"High-quality books product from HarperCollins, perfect for everyday use."
25,Patanjali Health & Wellness Product 25,Health & Wellness,820.25,1.2,21,Patanjali,"High-quality health & wellness product from Patanjali, perfect for everyday use."
26,HarperCollins Books Product 26,Books,1403.96,3.9,24,HarperCollins,"High-quality books product from HarperCollins, perfect for everyday use."
27,Nike Fashion Product 27,Fashion,891.67,1.5,96,Nike,"High-quality fashion product from Nike, perfect for everyday use."
28,Adidas Fashion Product 28,Fashion,1170.05,3.9,79,Adidas,"High-quality fashion product from Adidas, perfect for everyday use."
29,Mobil Automotive Product 29,Automotive,727.62,2.5,42,Mobil,"High-quality automotive product from Mobil, perfect for everyday use."
30,Dell Electronics Product 30,Electronics,1214.86,2.6,90,Dell,"High-quality electronics product from Dell, perfect for everyday use."
31,Bosch Automotive Product 31,Automotive,1269.47,2.4,87,Bosch,"High-quality automotive product from Bosch, perfect for everyday use."
32,Adidas Fashion Product 32,Fashion,1396.97,1.5,77,Adidas,"High-quality fashion product from Adidas, perfect for everyday use."
33,Puma Fashion Product 33,Fashion,1380.78,1.9,80,Puma,"High-quality fashion product from Puma, perfect for everyday use."
34,Garnier Beauty & Personal Care Product 34,Beauty & Personal Care,645.31,5.0,97,Garnier,"High-quality beauty & personal care product from Garnier, perfect for everyday use."
35,Nivea Beauty & Personal Care Product 35,Beauty & Personal Care,123.02,1.9,69,Nivea,"High-quality beauty & personal care product from Nivea, perfect for everyday use."
36,Zara Fashion Product 36,Fashion,737.27,1.9,69,Zara,"High-quality fashion product from Zara, perfect for everyday use."
37,Macmillan Books Product 37,Books,926.67,2.4,50,Macmillan,"High-quality books product from Macmillan, perfect for everyday use."
38,Hachette Books Product 38,Books,676.08,2.1,14,Hachette,"High-quality books product from Hachette, perfect for everyday use."
39,Bridgestone Automotive Product 39,Automotive,1167.15,4.3,27,Bridgestone,"High-quality automotive product from Bridgestone, perfect for everyday use."
40,Penguin Books Product 40,Books,847.29,1.2,40,Penguin,"High-quality books product from Penguin, perfect for everyday use."
41,LG Electronics Product 41,Electronics,501.56,2.7,99,LG,"High-quality electronics product from LG, perfect for everyday use."
42,Goodyear Automotive Product 42,Automotive,677.15,3.4,17,Goodyear,"High-quality automotive product from Goodyear, perfect for everyday use."
43,Levi's Fashion Product 43,Fashion,1207.84,1.2,99,Levi's,"High-quality fashion product from Levi's, perfect for everyday use."
44,Spalding Sports & Outdoors Product 44,Sports & Outdoors,262.17,4.7,78,Spalding,"High-quality sports & outdoors product from Spalding, perfect for everyday use."
45,Philips Home & Kitchen Product 45,Home & Kitchen,1342.25,1.3,18,Philips,"High-quality home & kitchen product from Philips, perfect for everyday use."
46,LG Electronics Product 46,Electronics,1466.83,4.3,69,LG,"High-quality electronics product from LG, perfect for everyday use."
47,Philips Home & Kitchen Product 47,Home & Kitchen,485.43,2.7,3,Philips,"High-quality home & kitchen product from Philips, perfect for everyday use."
48,Zara Fashion Product 48,Fashion,994.84,4.8,97,Zara,"High-quality fashion product from Zara, perfect for everyday use."
49,Nike Fashion Product 49,Fashion,576.8,3.2,8,Nike,"High-quality fashion product from Nike, perfect for everyday use."
50,Amul Groceries Product 50,Groceries,976.84,1.8,99,Amul,"High-quality groceries product from Amul, perfect for everyday use."
51,Dell Electronics Product 51,Electronics,567.78,2.2,63,Dell,"High-quality electronics product from Dell, perfect for everyday use."
52,Maybelline Beauty & Personal Care Product 52,Beauty & Personal Care,239.64,3.0,59,Maybelline,"High-quality beauty & personal care product from Maybelline, perfect for everyday use."
53,Hasbro Toys & Games Product 53,Toys & Games,1156.12,3.0,74,Hasbro,"High-quality toys & games product from Hasbro, perfect for everyday use."
54,Dabur Health & Wellness Product 54,Health & Wellness,755.16,5.0,32,Dabur,"High-quality health & wellness product from Dabur, perfect for everyday use."
55,Yonex Sports & Outdoors Product 55,Sports & Outdoors,54.26,2.2,44,Yonex,"High-quality sports & outdoors product from Yonex, perfect for everyday use."
56,Levi's Fashion Product 56,Fashion,524.74,3.7,55,Levi's,"High-quality fashion product from Levi's, perfect for everyday use."
57,Dabur Health & Wellness Product 57,Health & Wellness,612.03,4.0,77,Dabur,"High-quality health & wellness product from Dabur, perfect for everyday use."
58,Under Armour Sports & Outdoors Product 58,Sports & Outdoors,403.65,1.6,58,Under Armour,"High-quality sports & outdoors product from Under Armour, perfect for everyday use."
59,Dell Electronics Product 59,Electronics,868.77,4.6,6,Dell,"High-quality electronics product from Dell, perfect for everyday use."
60,Under Armour Sports & Outdoors Product 60,Sports & Outdoors,1453.98,4.2,45,Under Armour,"High-quality sports & outdoors product from Under Armour, perfect for everyday use."
61,HP Electronics Product 61,Electronics,458.33,1.1,24,HP,"High-quality electronics product from HP, perfect for everyday use."
62,Horlicks Health & Wellness Product 62,Health & Wellness,417.23,1.2,63,Horlicks,"High-quality health & wellness product from Horlicks, perfect for everyday use."
63,Fisher-Price Toys & Games Product 63,Toys & Games,971.81,3.4,56,Fisher-Price,"High-quality toys & games product from Fisher-Price, perfect for everyday use."
64,Spalding Sports & Outdoors Product 64,Sports & Outdoors,1198.69,3.1,15,Spalding,"High-quality sports & outdoors product from Spalding, perfect for everyday use."
65,Wilson Sports & Outdoors Product 65,Sports & Outdoors,557.1,1.1,45,Wilson,"High-quality sports & outdoors product from Wilson, perfect for everyday use."
66,Samsung Electronics Product 66,Electronics,1000.35,4.2,76,Samsung,"High-quality electronics product from Samsung, perfect for everyday use."
67,Wilson Sports & Outdoors Product 67,Sports & Outdoors,202.41,1.4,77,Wilson,"High-quality sports & outdoors product from Wilson, perfect for everyday use."
68,Amul Groceries Product 68,Groceries,1144.61,2.8,23,Amul,"High-quality groceries product from Amul, perfect for everyday use."
69,Philips Home & Kitchen Product 69,Home & Kitchen,1086.13,4.3,12,Philips,"High-quality home & kitchen product from Philips, perfect for everyday use."
70,Puma Fashion Product 70,Fashion,113.35,4.4,13,Puma,"High-quality fashion product from Puma, perfect for everyday use."
71,Hachette Books Product 71,Books,519.81,3.6,41,Hachette,"High-quality books product from Hachette, perfect for everyday use."
72,Himalaya Health & Wellness Product 72,Health & Wellness,1358.64,3.4,10,Himalaya,"High-quality health & wellness product from Himalaya, perfect for everyday use."
73,Simon & Schuster Books Product 73,Books,1100.17,3.7,37,Simon & Schuster,"High-quality books product from Simon & Schuster, perfect for everyday use."
74,Reebok Sports & Outdoors Product 74,Sports & Outdoors,1424.52,3.9,97,Reebok,"High-quality sports & outdoors product from Reebok, perfect for everyday use."
75,Adidas Fashion Product 75,Fashion,1212.35,3.0,17,Adidas,"High-quality fashion product from Adidas, perfect for everyday use."
76,Hasbro Toys & Games Product 76,Toys & Games,803.49,3.9,99,Hasbro,"High-quality toys & games product from Hasbro, perfect for everyday use."
77,HarperCollins Books Product 77,Books,1276.76,2.6,4,HarperCollins,"High-quality books product from HarperCollins, perfect for everyday use."
78,Bajaj Home & Kitchen Product 78,Home & Kitchen,114.54,3.5,88,Bajaj,"High-quality home & kitchen product from Bajaj, perfect for everyday use."
79,Dell Electronics Product 79,Electronics,472.62,4.9,52,Dell,"High-quality electronics product from Dell, perfect for everyday use."
80,Nike Fashion Product 80,Fashion,403.72,4.1,1,Nike,"High-quality fashion product from Nike, perfect for everyday use."
81,Puma Fashion Product 81,Fashion,1274.49,3.5,7,Puma,"High-quality fashion product from Puma, perfect for everyday use."
82,Wilson Sports & Outdoors Product 82,Sports & Outdoors,1355.07,1.9,75,Wilson,"High-quality sports & outdoors product from Wilson, perfect for everyday use."
83,Levi's Fashion Product 83,Fashion,1230.28,3.2,52,Levi's,"High-quality fashion product from Levi's, perfect for everyday use."
84,Reebok Sports & Outdoors Product 84,Sports & Outdoors,614.65,3.3,75,Reebok,"High-quality sports & outdoors product from Reebok, perfect for everyday use."
85,Under Armour Sports & Outdoors Product 85,Sports & Outdoors,1149.03,3.4,63,Under Armour,"High-quality sports & outdoors product from Under Armour, perfect for everyday use."
86,Patanjali Health & Wellness Product 86,Health & Wellness,770.65,4.3,33,Patanjali,"High-quality health & wellness product from Patanjali, perfect for everyday use."
87,Patanjali Health & Wellness Product 87,Health & Wellness,627.16,4.5,48,Patanjali,"High-quality health & wellness product from Patanjali, perfect for everyday use."
88,Hasbro Toys & Games Product 88,Toys & Games,271.02,1.9,53,Hasbro,"High-quality toys & games product from Hasbro, perfect for everyday use."
89,Nike Fashion Product 89,Fashion,6.66,3.2,91,Nike,"High-quality fashion product from Nike, perfect for everyday use."
90,Under Armour Sports & Outdoors Product 90,Sports & Outdoors,1237.43,2.3,59,Under Armour,"High-quality sports & outdoors product from Under Armour, perfect for everyday use."
91,Garnier Beauty & Personal Care Product 91,Beauty & Personal Care,1294.78,2.2,86,Garnier,"High-quality beauty & personal care product from Garnier, perfect for everyday use."
92,Havells Home & Kitchen Product 92,Home & Kitchen,1368.94,3.4,64,Havells,"High-quality home & kitchen product from Havells, perfect for everyday use."
93,Usha Home & Kitchen Product 93,Home & Kitchen,513.31,1.2,20,Usha,"High-quality home & kitchen product from Usha, perfect for everyday use."
94,Horlicks Health & Wellness Product 94,Health & Wellness,1117.71,1.5,28,Horlicks,"High-quality health & wellness product from Horlicks, perfect for everyday use."
95,Ensure Health & Wellness Product 95,Health & Wellness,1356.95,2.2,14,Ensure,"High-quality health & wellness product from Ensure, perfect for everyday use."
96,Reebok Sports & Outdoors Product 96,Sports & Outdoors,962.48,1.1,97,Reebok,"High-quality sports & outdoors product from Reebok, perfect for everyday use."
97,Levi's Fashion Product 97,Fashion,57.55,3.4,86,Levi's,"High-quality fashion product from Levi's, perfect for everyday use."
98,Nike Fashion Product 98,Fashion,734.5,2.6,45,Nike,"High-quality fashion product from Nike, perfect for everyday use."
99,Prestige Home & Kitchen Product 99,Home & Kitchen,1318.58,2.2,18,Prestige,"High-quality home & kitchen product from Prestige, perfect for everyday use."
100,Funko Toys & Games Product 100,Toys & Games,835.8,2.0,1,Funko,"High-quality toys & games product from Funko, perfect for everyday use."
101,Ensure Health & Wellness Product 101,Health & Wellness,758.46,4.2,5,Ensure,"High-quality health & wellness product from Ensure, perfect for everyday use."
102,Goodyear Automotive Product 102,Automotive,1293.24,3.3,67,Goodyear,"High-quality automotive product from Goodyear, perfect for everyday use."
103,Horlicks Health & Wellness Product 103,Health & Wellness,1397.01,1.3,23,Horlicks,"High-quality health & wellness product from Horlicks, perfect for everyday use."
104,L'Oreal Beauty & Personal Care Product 104,Beauty & Personal Care,148.78,1.4,85,L'Oreal,"High-quality beauty & personal care product from L'Oreal, perfect for everyday use."
105,Bosch Automotive Product 105,Automotive,689.57,3.8,12,Bosch,"High-quality automotive product from Bosch, perfect for everyday use."
106,Sony Electronics Product 106,Electronics,442.32,2.1,98,Sony,"High-quality electronics product from Sony, perfect for everyday use."
107,Kellogg's Groceries Product 107,Groceries,809.63,3.1,67,Kellogg's,"High-quality groceries product from Kellogg's, perfect for everyday use."
108,Dabur Health & Wellness Product 108,Health & Wellness,576.86,5.0,1,Dabur,"High-quality health & wellness product from Dabur, perfect for everyday use."
109,Dabur Health & Wellness Product 109,Health & Wellness,315.26,3.5,37,Dabur,"High-quality health & wellness product from Dabur, perfect for everyday use."
110,Under Armour Sports & Outdoors Product 110,Sports & Outdoors,171.99,1.7,88,Under Armour,"High-quality sports & outdoors product from Under Armour, perfect for everyday use."
111,Apple Electronics Product 111,Electronics,662.12,3.7,48,Apple,"High-quality electronics product from Apple, perfect for everyday use."
112,Samsung Electronics Product 112,Electronics,799.04,4.3,15,Samsung,"High-quality electronics product from Samsung, perfect for everyday use."
113,Fisher-Price Toys & Games Product 113,Toys & Games,1083.49,4.5,7,Fisher-Price,"High-quality toys & games product from Fisher-Price, perfect for everyday use."
114,Prestige Home & Kitchen Product 114,Home & Kitchen,439.78,2.8,6,Prestige,"High-quality home & kitchen product from Prestige, perfect for everyday use."
115,Wilson Sports & Outdoors Product 115,Sports & Outdoors,929.26,1.4,7,Wilson,"High-quality sports & outdoors product from Wilson, perfect for everyday use."
116,Hasbro Toys & Games Product 116,Toys & Games,827.1,4.7,48,Hasbro,"High-quality toys & games product from Hasbro, perfect for everyday use."
117,Maybelline Beauty & Personal Care Product 117,Beauty & Personal Care,366.26,4.6,77,Maybelline,"High-quality beauty & personal care product from Maybelline, perfect for everyday use."
118,Bridgestone Automotive Product 118,Automotive,475.47,3.0,40,Bridgestone,"High-quality automotive product from Bridgestone, perfect for everyday use."
119,Zara Fashion Product 119,Fashion,813.74,1.3,86,Zara,"High-quality fashion product from Zara, perfect for everyday use."
120,Fisher-Price Toys & Games Product 120,Toys & Games,313.93,2.5,31,Fisher-Price,"High-quality toys & games product from Fisher-Price, perfect for everyday use."
121,Bosch Automotive Product 121,Automotive,348.44,3.3,86,Bosch,"High-quality automotive product from Bosch, perfect for everyday use."
122,Mattel Toys & Games Product 122,Toys & Games,806.23,2.3,23,Mattel,"High-quality toys & games product from Mattel, perfect for everyday use."
123,Macmillan Books Product 123,Books,744.33,3.6,82,Macmillan,"High-quality books product from Macmillan, perfect for everyday use."
124,Samsung Electronics Product 124,Electronics,1437.87,1.3,50,Samsung,"High-quality electronics product from Samsung, perfect for everyday use."
125,Britannia Groceries Product 125,Groceries,552.59,1.5,17,Britannia,"High-quality groceries product from Britannia, perfect for everyday use."
126,Adidas Fashion Product 126,Fashion,465.53,2.0,76,Adidas,"High-quality fashion product from Adidas, perfect for everyday use."
127,HarperCollins Books Product 127,Books,76.23,4.2,56,HarperCollins,"High-quality books product from HarperCollins, perfect for everyday use."
128,LG Electronics Product 128,Electronics,358.67,1.8,28,LG,"High-quality electronics product from LG, perfect for everyday use."
129,Reebok Sports & Outdoors Product 129,Sports & Outdoors,669.87,3.6,63,Reebok,"High-quality sports & outdoors product from Reebok, perfect for everyday use."
130,Bajaj Home & Kitchen Product 130,Home & Kitchen,130.6,3.0,6,Bajaj,"High-quality home & kitchen product from Bajaj, perfect for everyday use."
131,Puma Fashion Product 131,Fashion,1137.02,3.7,4,Puma,"High-quality fashion product from Puma, perfect for everyday use."
132,Bridgestone Automotive Product 132,Automotive,81.68,4.9,29,Bridgestone,"High-quality automotive product from Bridgestone, perfect for everyday use."
133,Hasbro Toys & Games Product 133,Toys & Games,1451.73,2.3,26,Hasbro,"High-quality toys & games product from Hasbro, perfect for everyday use."
134,Ensure Health & Wellness Product 134,Health & Wellness,1425.6,3.9,41,Ensure,"High-quality health & wellness product from Ensure, perfect for everyday use."
135,Nivea Beauty & Personal Care Product 135,Beauty & Personal Care,671.66,4.7,32,Nivea,"High-quality beauty & personal care product from Nivea, perfect for everyday use."
136,Macmillan Books Product 136,Books,671.71,3.0,4,Macmillan,"High-quality books product from Macmillan, perfect for everyday use."
137,Hachette Books Product 137,Books,1488.96,1.7,97,Hachette,"High-quality books product from Hachette, perfect for everyday use."
138,Hasbro Toys & Games Product 138,Toys & Games,509.51,3.9,88,Hasbro,"High-quality toys & games product from Hasbro, perfect for everyday use."
139,Bajaj Home & Kitchen Product 139,Home & Kitchen,578.22,3.8,37,Bajaj,"High-quality home & kitchen product from Bajaj, perfect for everyday use."
140,Maybelline Beauty & Personal Care Product 140,Beauty & Personal Care,1148.46,4.9,19,Maybelline,"High-quality beauty & personal care product from Maybelline, perfect for everyday use."
141,Fisher-Price Toys & Games Product 141,Toys & Games,1122.1,2.2,41,Fisher-Price,"High-quality toys & games product from Fisher-Price, perfect for everyday use."
142,Bajaj Home & Kitchen Product 142,Home & Kitchen,1079.22,1.1,98,Bajaj,"High-quality home & kitchen product from Bajaj, perfect for everyday use."
143,Patanjali Health & Wellness Product 143,Health & Wellness,1219.73,1.1,33,Patanjali,"High-quality health & wellness product from Patanjali, perfect for everyday use."
144,Britannia Groceries Product 144,Groceries,581.14,2.0,23,Britannia,"High-quality groceries product from Britannia, perfect for everyday use."
145,Apple Electronics Product 145,Electronics,909.68,4.3,99,Apple,"High-quality electronics product from Apple, perfect for everyday use."
146,Bridgestone Automotive Product 146,Automotive,1043.49,2.4,58,Bridgestone,"High-quality automotive product from Bridgestone, perfect for everyday use."
147,Mattel Toys & Games Product 147,Toys & Games,609.33,1.7,65,Mattel,"High-quality toys & games product from Mattel, perfect for everyday use."
148,Usha Home & Kitchen Product 148,Home & Kitchen,1430.48,1.8,79,Usha,"High-quality home & kitchen product from Usha, perfect for everyday use."
149,Samsung Electronics Product 149,Electronics,1339.75,3.2,37,Samsung,"High-quality electronics product from Samsung, perfect for everyday use."
150,Amul Groceries Product 150,Groceries,675.0,3.9,6,Amul,"High-quality groceries product from Amul, perfect for everyday use."
151,Dell Electronics Product 151,Electronics,39.6,3.7,26,Dell,"High-quality electronics product from Dell, perfect for everyday use."
152,Patanjali Health & Wellness Product 152,Health & Wellness,226.38,1.3,94,Patanjali,"High-quality health & wellness product from Patanjali, perfect for everyday use."
153,Britannia Groceries Product 153,Groceries,935.28,1.6,96,Britannia,"High-quality groceries product from Britannia, perfect for everyday use."
154,Samsung Electronics Product 154,Electronics,1330.15,3.4,25,Samsung,"High-quality electronics product from Samsung, perfect for everyday use."
155,Mattel Toys & Games Product 155,Toys & Games,322.1,4.0,67,Mattel,"High-quality toys & games product from Mattel, perfect for everyday use."
156,Levi's Fashion Product 156,Fashion,1090.17,2.7,5,Levi's,"High-quality fashion product from Levi's, perfect for everyday use."
157,Apple Electronics Product 157,Electronics,1290.52,1.3,81,Apple,"High-quality electronics product from Apple, perfect for everyday use."
158,Reebok Sports & Outdoors Product 158,Sports & Outdoors,1289.86,4.0,89,Reebok,"High-quality sports & outdoors product from Reebok, perfect for everyday use."
159,Horlicks Health & Wellness Product 159,Health & Wellness,1278.51,3.2,98,Horlicks,"High-quality health & wellness product from Horlicks, perfect for everyday use."
160,Bosch Automotive Product 160,Automotive,826.75,2.8,86,Bosch,"High-quality automotive product from Bosch, perfect for everyday use."
161,Reebok Sports & Outdoors Product 161,Sports & Outdoors,168.22,3.2,17,Reebok,"High-quality sports & outdoors product from Reebok, perfect for everyday use."
162,Simon & Schuster Books Product 162,Books,945.55,3.3,46,Simon & Schuster,"High-quality books product from Simon & Schuster, perfect for everyday use."
163,Bosch Automotive Product 163,Automotive,244.87,1.8,70,Bosch,"High-quality automotive product from Bosch, perfect for everyday use."
164,Patanjali Health & Wellness Product 164,Health & Wellness,682.92,4.7,62,Patanjali,"High-quality health & wellness product from Patanjali, perfect for everyday use."
165,Samsung Electronics Product 165,Electronics,417.79,3.8,82,Samsung,"High-quality electronics product from Samsung, perfect for everyday use."
166,Sony Electronics Product 166,Electronics,89.12,1.6,61,Sony,"High-quality electronics product from Sony, perfect for everyday use."
167,Horlicks Health & Wellness Product 167,Health & Wellness,1356.82,1.8,21,Horlicks,"High-quality health & wellness product from Horlicks, perfect for everyday use."
168,Bajaj Home & Kitchen Product 168,Home & Kitchen,982.27,1.1,95,Bajaj,"High-quality home & kitchen product from Bajaj, perfect for everyday use."
169,Spalding Sports & Outdoors Product 169,Sports & Outdoors,391.6,3.2,10,Spalding,"High-quality sports & outdoors product from Spalding, perfect for everyday use."
170,Britannia Groceries Product 170,Groceries,1255.88,4.5,97,Britannia,"High-quality groceries product from Britannia, perfect for everyday use."
171,Reebok Sports & Outdoors Product 171,Sports & Outdoors,753.16,2.7,11,Reebok,"High-quality sports & outdoors product from Reebok, perfect for everyday use."
172,Fisher-Price Toys & Games Product 172,Toys & Games,1179.39,2.4,95,Fisher-Price,"High-quality toys & games product from Fisher-Price, perfect for everyday use."
173,Castrol Automotive Product 173,Automotive,291.11,3.2,28,Castrol,"High-quality automotive product from Castrol, perfect for everyday use."
174,Macmillan Books Product 174,Books,1188.22,1.8,92,Macmillan,"High-quality books product from Macmillan, perfect for everyday use."
175,Usha Home & Kitchen Product 175,Home & Kitchen,351.69,1.3,27,Usha,"High-quality home & kitchen product from Usha, perfect for everyday use."
176,Under Armour Sports & Outdoors Product 176,Sports & Outdoors,79.36,2.0,39,Under Armour,"High-quality sports & outdoors product from Under Armour, perfect for everyday use."
177,Kellogg's Groceries Product 177,Groceries,1173.28,2.8,24,Kellogg's,"High-quality groceries product from Kellogg's, perfect for everyday use."
178,Britannia Groceries Product 178,Groceries,1174.0,3.9,54,Britannia,"High-quality groceries product from Britannia, perfect for everyday use."
179,Garnier Beauty & Personal Care Product 179,Beauty & Personal Care,1462.95,1.7,56,Garnier,"High-quality beauty & personal care product from Garnier, perfect for everyday use."
180,Ensure Health & Wellness Product 180,Health & Wellness,238.61,2.2,32,Ensure,"High-quality health & wellness product from Ensure, perfect for everyday use."
181,Dabur Health & Wellness Product 181,Health & Wellness,319.1,3.8,13,Dabur,"High-quality health & wellness product from Dabur, perfect for everyday use."
182,Samsung Electronics Product 182,Electronics,410.65,1.2,81,Samsung,"High-quality electronics product from Samsung, perfect for everyday use."
183,Britannia Groceries Product 183,Groceries,447.05,3.2,11,Britannia,"High-quality groceries product from Britannia, perfect for everyday use."
184,L'Oreal Beauty & Personal Care Product 184,Beauty & Personal Care,619.21,1.6,88,L'Oreal,"High-quality beauty & personal care product from L'Oreal, perfect for everyday use."
185,Dabur Health & Wellness Product 185,Health & Wellness,212.12,1.8,49,Dabur,"High-quality health & wellness product from Dabur, perfect for everyday use."
186,Castrol Automotive Product 186,Automotive,1438.8,1.2,65,Castrol,"High-quality automotive product from Castrol, perfect for everyday use."
187,Mobil Automotive Product 187,Automotive,175.36,2.5,99,Mobil,"High-quality automotive product from Mobil, perfect for everyday use."
188,Goodyear Automotive Product 188,Automotive,612.9,3.0,24,Goodyear,"High-quality automotive product from Goodyear, perfect for everyday use."
189,Parle Groceries Product 189,Groceries,318.53,4.0,23,Parle,"High-quality groceries product from Parle, perfect for everyday use."
190,Horlicks Health & Wellness Product 190,Health & Wellness,493.6,4.0,28,Horlicks,"High-quality health & wellness product from Horlicks, perfect for everyday use."
191,Fisher-Price Toys & Games Product 191,Toys & Games,438.87,4.1,66,Fisher-Price,"High-quality toys & games product from Fisher-Price, perfect for everyday use."
192,Puma Fashion Product 192,Fashion,639.71,1.2,17,Puma,"High-quality fashion product from Puma, perfect for everyday use."
193,Philips Home & Kitchen Product 193,Home & Kitchen,1219.71,3.8,70,Philips,"High-quality home & kitchen product from Philips, perfect for everyday use."
194,Nestle Groceries Product 194,Groceries,968.54,1.7,78,Nestle,"High-quality groceries product from Nestle, perfect for everyday use."
195,Bajaj Home & Kitchen Product 195,Home & Kitchen,970.58,3.6,65,Bajaj,"High-quality home & kitchen product from Bajaj, perfect for everyday use."
196,Nike Fashion Product 196,Fashion,670.7,4.3,99,Nike,"High-quality fashion product from Nike, perfect for everyday use."
197,Garnier Beauty & Personal Care Product 197,Beauty & Personal Care,498.08,4.2,20,Garnier,"High-quality beauty & personal care product from Garnier, perfect for everyday use."
198,Parle Groceries Product 198,Groceries,1443.76,1.8,70,Parle,"High-quality groceries product from Parle, perfect for everyday use."
199,Hasbro Toys & Games Product 199,Toys & Games,1267.33,3.7,60,Hasbro,"High-quality toys & games product from Hasbro, perfect for everyday use."
200,LG Electronics Product 200,Electronics,373.17,3.3,6,LG,"High-quality electronics product from LG, perfect for everyday use."
201,Mattel Toys & Games Product 201,Toys & Games,435.5,4.3,27,Mattel,"High-quality toys & games product from Mattel, perfect for everyday use."
202,Ensure Health & Wellness Product 202,Health & Wellness,1353.51,2.4,31,Ensure,"High-quality health & wellness product from Ensure, perfect for everyday use."
203,Garnier Beauty & Personal Care Product 203,Beauty & Personal Care,1350.97,4.9,1,Garnier,"High-quality beauty & personal care product from Garnier, perfect for everyday use."
204,Dell Electronics Product 204,Electronics,177.62,1.0,81,Dell,"High-quality electronics product from Dell, perfect for everyday use."
205,Prestige Home & Kitchen Product 205,Home & Kitchen,1394.53,3.1,24,Prestige,"High-quality home & kitchen product from Prestige, perfect for everyday use."
206,Levi's Fashion Product 206,Fashion,1480.6,3.8,49,Levi's,"High-quality fashion product from Levi's, perfect for everyday use."
207,Havells Home & Kitchen Product 207,Home & Kitchen,974.61,1.7,86,Havells,"High-quality home & kitchen product from Havells, perfect for everyday use."
208,Wilson Sports & Outdoors Product 208,Sports & Outdoors,411.68,2.1,98,Wilson,"High-quality sports & outdoors product from Wilson, perfect for everyday use."
209,Hachette Books Product 209,Books,485.01,3.9,68,Hachette,"High-quality books product from Hachette, perfect for everyday use."
210,Levi's Fashion Product 210,Fashion,319.87,1.9,39,Levi's,"High-quality fashion product from Levi's, perfect for everyday use."
211,Mobil Automotive Product 211,Automotive,707.28,3.2,99,Mobil,"High-quality automotive product from Mobil, perfect for everyday use."
212,LEGO Toys & Games Product 212,Toys & Games,987.49,2.8,58,LEGO,"High-quality toys & games product from LEGO, perfect for everyday use."
213,Fisher-Price Toys & Games Product 213,Toys & Games,964.83,2.4,94,Fisher-Price,"High-quality toys & games product from Fisher-Price, perfect for everyday use."
214,Penguin Books Product 214,Books,1483.35,4.4,16,Penguin,"High-quality books product from Penguin, perfect for everyday use."
215,Macmillan Books Product 215,Books,715.38,3.9,93,Macmillan,"High-quality books product from Macmillan, perfect for everyday use."
216,Wilson Sports & Outdoors Product 216,Sports & Outdoors,229.75,2.1,1,Wilson,"High-quality sports & outdoors product from Wilson, perfect for everyday use."
217,Hachette Books Product 217,Books,1215.97,2.2,62,Hachette,"High-quality books product from Hachette, perfect for everyday use."
218,Dabur Health & Wellness Product 218,Health & Wellness,884.2,3.7,8,Dabur,"High-quality health & wellness product from Dabur, perfect for everyday use."
219,Nivea Beauty & Personal Care Product 219,Beauty & Personal Care,464.29,1.7,77,Nivea,"High-quality beauty & personal care product from Nivea, perfect for everyday use."
220,Bridgestone Automotive Product 220,Automotive,252.69,3.5,32,Bridgestone,"High-quality automotive product from Bridgestone, perfect for everyday use."
221,Yonex Sports & Outdoors Product 221,Sports & Outdoors,380.81,1.7,67,Yonex,"High-quality sports & outdoors product from Yonex, perfect for everyday use."
222,Under Armour Sports & Outdoors Product 222,Sports & Outdoors,1227.22,4.1,11,Under Armour,"High-quality sports & outdoors product from Under Armour, perfect for everyday use."
223,Nestle Groceries Product 223,Groceries,740.16,3.9,72,Nestle,"High-quality groceries product from Nestle, perfect for everyday use."
224,Puma Fashion Product 224,Fashion,365.22,1.4,97,Puma,"High-quality fashion product from Puma, perfect for everyday use."
225,Fisher-Price Toys & Games Product 225,Toys & Games,895.63,4.4,47,Fisher-Price,"High-quality toys & games product from Fisher-Price, perfect for everyday use."
226,Patanjali Health & Wellness Product 226,Health & Wellness,803.58,4.7,28,Patanjali,"High-quality health & wellness product from Patanjali, perfect for everyday use."
227,Wilson Sports & Outdoors Product 227,Sports & Outdoors,491.45,2.2,96,Wilson,"High-quality sports & outdoors product from Wilson, perfect for everyday use."
228,Bosch Automotive Product 228,Automotive,941.31,4.1,60,Bosch,"High-quality automotive product from Bosch, perfect for everyday use."
229,HP Electronics Product 229,Electronics,1056.02,4.7,94,HP,"High-quality electronics product from HP, perfect for everyday use."
230,Levi's Fashion Product 230,Fashion,589.7,3.4,85,Levi's,"High-quality fashion product from Levi's, perfect for everyday use."
231,Apple Electronics Product 231,Electronics,1329.26,3.4,91,Apple,"High-quality electronics product from Apple, perfect for everyday use."
232,Nestle Groceries Product 232,Groceries,125.5,1.5,85,Nestle,"High-quality groceries product from Nestle, perfect for everyday use."
233,Sony Electronics Product 233,Electronics,541.21,1.4,32,Sony,"High-quality electronics product from Sony, perfect for everyday use."
234,Funko Toys & Games Product 234,Toys & Games,523.54,3.8,87,Funko,"High-quality toys & games product from Funko, perfect for everyday use."
235,Penguin Books Product 235,Books,447.27,2.0,21,Penguin,"High-quality books product from Penguin, perfect for everyday use."
236,Dabur Health & Wellness Product 236,Health & Wellness,425.39,2.7,66,Dabur,"High-quality health & wellness product from Dabur, perfect for everyday use."
237,Patanjali Health & Wellness Product 237,Health & Wellness,526.48,1.3,85,Patanjali,"High-quality health & wellness product from Patanjali, perfect for everyday use."
238,Kellogg's Groceries Product 238,Groceries,553.25,3.8,6,Kellogg's,"High-quality groceries product from Kellogg's, perfect for everyday use."
239,Prestige Home & Kitchen Product 239,Home & Kitchen,450.46,1.4,76,Prestige,"High-quality home & kitchen product from Prestige, perfect for everyday use."
240,Simon & Schuster Books Product 240,Books,832.45,3.2,9,Simon & Schuster,"High-quality books product from Simon & Schuster, perfect for everyday use."
241,Usha Home & Kitchen Product 241,Home & Kitchen,171.95,2.3,25,Usha,"High-quality home & kitchen product from Usha, perfect for everyday use."
242,Bridgestone Automotive Product 242,Automotive,1191.35,4.8,43,Bridgestone,"High-quality automotive product from Bridgestone, perfect for everyday use."
243,Funko Toys & Games Product 243,Toys & Games,1385.03,1.5,52,Funko,"High-quality toys & games product from Funko, perfect for everyday use."
244,Nike Fashion Product 244,Fashion,578.91,4.0,30,Nike,"High-quality fashion product from Nike, perfect for everyday use."
245,Dell Electronics Product 245,Electronics,955.31,4.1,0,Dell,"High-quality electronics product from Dell, perfect for everyday use."
246,Britannia Groceries Product 246,Groceries,734.8,4.9,51,Britannia,"High-quality groceries product from Britannia, perfect for everyday use."
247,Nike Fashion Product 247,Fashion,531.44,1.5,8,Nike,"High-quality fashion product from Nike, perfect for everyday use."
248,L'Oreal Beauty & Personal Care Product 248,Beauty & Personal Care,973.1,2.3,9,L'Oreal,"High-quality beauty & personal care product from L'Oreal, perfect for everyday use."
249,Sony Electronics Product 249,Electronics,8.77,2.9,58,Sony,"High-quality electronics product from Sony, perfect for everyday use."
250,Simon & Schuster Books Product 250,Books,1246.83,3.5,63,Simon & Schuster,"High-quality books product from Simon & Schuster, perfect for everyday use."
251,Goodyear Automotive Product 251,Automotive,555.64,3.2,27,Goodyear,"High-quality automotive product from Goodyear, perfect for everyday use."
252,Reebok Sports & Outdoors Product 252,Sports & Outdoors,167.98,2.4,27,Reebok,"High-quality sports & outdoors product from Reebok, perfect for everyday use."
253,Garnier Beauty & Personal Care Product 253,Beauty & Personal Care,37.3,3.4,84,Garnier,"High-quality beauty & personal care product from Garnier, perfect for everyday use."
254,Nike Fashion Product 254,Fashion,1403.6,1.1,34,Nike,"High-quality fashion product from Nike, perfect for everyday use."
255,Amul Groceries Product 255,Groceries,339.73,1.9,12,Amul,"High-quality groceries product from Amul, perfect for everyday use."
256,HP Electronics Product 256,Electronics,447.47,2.8,18,HP,"High-quality electronics product from HP, perfect for everyday use."
257,Garnier Beauty & Personal Care Product 257,Beauty & Personal Care,320.51,4.6,75,Garnier,"High-quality beauty & personal care product from Garnier, perfect for everyday use."
258,Maybelline Beauty & Personal Care Product 258,Beauty & Personal Care,1409.97,2.9,42,Maybelline,"High-quality beauty & personal care product from Maybelline, perfect for everyday use."
259,Nestle Groceries Product 259,Groceries,272.46,4.8,75,Nestle,"High-quality groceries product from Nestle, perfect for everyday use."
260,Hasbro Toys & Games Product 260,Toys & Games,1130.47,2.4,94,Hasbro,"High-quality toys & games product from Hasbro, perfect for everyday use."
261,Mobil Automotive Product 261,Automotive,710.96,3.6,36,Mobil,"High-quality automotive product from Mobil, perfect for everyday use."
262,LEGO Toys & Games Product 262,Toys & Games,241.88,4.7,82,LEGO,"High-quality toys & games product from LEGO, perfect for everyday use."
263,Nestle Groceries Product 263,Groceries,41.73,4.6,94,Nestle,"High-quality groceries product from Nestle, perfect for everyday use."
264,Bridgestone Automotive Product 264,Automotive,312.17,3.2,1,Bridgestone,"High-quality automotive product from Bridgestone, perfect for everyday use."
265,Ensure Health & Wellness Product 265,Health & Wellness,787.25,3.9,43,Ensure,"High-quality health & wellness product from Ensure, perfect for everyday use."
266,Yonex Sports & Outdoors Product 266,Sports & Outdoors,1425.59,4.9,74,Yonex,"High-quality sports & outdoors product from Yonex, perfect for everyday use."
267,Spalding Sports & Outdoors Product 267,Sports & Outdoors,26.11,3.7,13,Spalding,"High-quality sports & outdoors product from Spalding, perfect for everyday use."
268,LG Electronics Product 268,Electronics,1287.15,3.8,97,LG,"High-quality electronics product from LG, perfect for everyday use."
269,Patanjali Health & Wellness Product 269,Health & Wellness,1100.15,3.8,66,Patanjali,"High-quality health & wellness product from Patanjali, perfect for everyday use."
270,Castrol Automotive Product 270,Automotive,804.4,3.0,74,Castrol,"High-quality automotive product from Castrol, perfect for everyday use."
271,Ensure Health & Wellness Product 271,Health & Wellness,405.31,4.4,6,Ensure,"High-quality health & wellness product from Ensure, perfect for everyday use."
272,Nivea Beauty & Personal Care Product 272,Beauty & Personal Care,224.0,1.1,74,Nivea,"High-quality beauty & personal care product from Nivea, perfect for everyday use."
273,Bridgestone Automotive Product 273,Automotive,1033.33,4.1,27,Bridgestone,"High-quality automotive product from Bridgestone, perfect for everyday use."
274,Samsung Electronics Product 274,Electronics,421.96,4.6,42,Samsung,"High-quality electronics product from Samsung, perfect for everyday use."
275,Dell Electronics Product 275,Electronics,1306.38,3.6,3,Dell,"High-quality electronics product from Dell, perfect for everyday use."
276,Havells Home & Kitchen Product 276,Home & Kitchen,1098.76,4.6,78,Havells,"High-quality home & kitchen product from Havells, perfect for everyday use."
277,Britannia Groceries Product 277,Groceries,612.25,4.8,35,Britannia,"High-quality groceries product from Britannia, perfect for everyday use."
278,Zara Fashion Product 278,Fashion,1053.1,3.5,75,Zara,"High-quality fashion product from Zara, perfect for everyday use."
279,Amul Groceries Product 279,Groceries,900.37,2.9,41,Amul,"High-quality groceries product from Amul, perfect for everyday use."
280,Hasbro Toys & Games Product 280,Toys & Games,813.46,2.7,17,Hasbro,"High-quality toys & games product from Hasbro, perfect for everyday use."
281,Parle Groceries Product 281,Groceries,689.63,4.5,97,Parle,"High-quality groceries product from Parle, perfect for everyday use."
282,Britannia Groceries Product 282,Groceries,425.23,1.5,93,Britannia,"High-quality groceries product from Britannia, perfect for everyday use."
283,Goodyear Automotive Product 283,Automotive,58.22,3.1,87,Goodyear,"High-quality automotive product from Goodyear, perfect for everyday use."
284,Goodyear Automotive Product 284,Automotive,1382.5,4.1,93,Goodyear,"High-quality automotive product from Goodyear, perfect for everyday use."
285,Fisher-Price Toys & Games Product 285,Toys & Games,1158.19,1.9,71,Fisher-Price,"High-quality toys & games product from Fisher-Price, perfect for everyday use."
286,Under Armour Sports & Outdoors Product 286,Sports & Outdoors,1428.62,1.1,75,Under Armour,"High-quality sports & outdoors product from Under Armour, perfect for everyday use."
287,Dell Electronics Product 287,Electronics,745.14,1.1,14,Dell,"High-quality electronics product from Dell, perfect for everyday use."
288,Penguin Books Product 288,Books,677.61,4.5,37,Penguin,"High-quality books product from Penguin, perfect for everyday use."
289,Funko Toys & Games Product 289,Toys & Games,1060.64,4.8,90,Funko,"High-quality toys & games product from Funko, perfect for everyday use."
290,Adidas Fashion Product 290,Fashion,947.81,3.5,83,Adidas,"High-quality fashion product from Adidas, perfect for everyday use."
291,Nivea Beauty & Personal Care Product 291,Beauty & Personal Care,1327.94,5.0,99,Nivea,"High-quality beauty & personal care product from Nivea, perfect for everyday use."
292,Adidas Fashion Product 292,Fashion,1418.38,1.1,98,Adidas,"High-quality fashion product from Adidas, perfect for everyday use."
293,Parle Groceries Product 293,Groceries,776.4,3.6,23,Parle,"High-quality groceries product from Parle, perfect for everyday use."
294,Spalding Sports & Outdoors Product 294,Sports & Outdoors,654.28,1.6,46,Spalding,"High-quality sports & outdoors product from Spalding, perfect for everyday use."
295,Levi's Fashion Product 295,Fashion,53.12,2.4,8,Levi's,"High-quality fashion product from Levi's, perfect for everyday use."
296,Bridgestone Automotive Product 296,Automotive,1405.98,1.1,45,Bridgestone,"High-quality automotive product from Bridgestone, perfect for everyday use."
297,Zara Fashion Product 297,Fashion,695.95,3.5,73,Zara,"High-quality fashion product from Zara, perfect for everyday use."
298,Zara Fashion Product 298,Fashion,664.65,3.3,98,Zara,"High-quality fashion product from Zara, perfect for everyday use."
299,Zara Fashion Product 299,Fashion,380.7,3.3,77,Zara,"High-quality fashion product from Zara, perfect for everyday use."
300,Nivea Beauty & Personal Care Product 300,Beauty & Personal Care,1234.65,3.9,66,Nivea,"High-quality beauty & personal care product from Nivea, perfect for everyday use."
